{"features":{},"points":{},"other":{"OCRbox-消息识别区":[485,653,835,710],"OCRbox-消息识别区2":[513,162,931,189]},"boss_cfg":[{"boss_name":"[生肖]丑牛","full_time":"120","half_time":"120"},{"boss_name":"[生肖]子鼠","full_time":"120","half_time":"120"},{"boss_name":"[生肖]寅虎","full_time":"120","half_time":"120"},{"boss_name":"[高爆]冰宫守护神","full_time":"150","half_time":"75"},{"boss_name":"[高爆]变异狐月天珠","full_time":"150","half_time":"75"},{"boss_name":"[高爆]火龙教主","full_time":"90","half_time":"45"},{"boss_name":"[高爆]火龙统领","full_time":"90","half_time":"45"},{"boss_name":"[高爆]红魔蜘蛛","full_time":"120","half_time":"60"},{"boss_name":"[高爆]绿魔蜘蛛","full_time":"120","half_time":"60"},{"boss_name":"[高爆]虹魔教主","full_time":"20","half_time":"20"},{"boss_name":"[高爆]魔龙教主","full_time":"60","half_time":"30"},{"boss_name":"[高爆]魔龙树妖","full_time":"60","half_time":"30"},{"boss_name":"兽人巨怪","full_time":"180","half_time":"90"},{"boss_name":"冰城帝王","full_time":"150","half_time":"75"},{"boss_name":"冰宫守护神","full_time":"150","half_time":"75"},{"boss_name":"半兽人统帅","full_time":"180","half_time":"90"},{"boss_name":"半兽人首领","full_time":"180","half_time":"90"},{"boss_name":"变异火龙教主","full_time":"90","half_time":"45"},{"boss_name":"变异狐月天珠","full_time":"150","half_time":"75"},{"boss_name":"变异魔龙战将","full_time":"60","half_time":"30"},{"boss_name":"圣域火龙教主","full_time":"90","half_time":"45"},{"boss_name":"圣域玉面素狐王","full_time":"150","half_time":"75"},{"boss_name":"圣域雪域魔王","full_time":"150","half_time":"75"},{"boss_name":"圣域雷炎蛛王","full_time":"120","half_time":"60"},{"boss_name":"圣域霸王教主","full_time":"360","half_time":"180"},{"boss_name":"暗之魔龙教主","full_time":"60","half_time":"30"},{"boss_name":"沼泽炼狱魔","full_time":"240","half_time":"120"},{"boss_name":"浴血霸主","full_time":"240","half_time":"120"},{"boss_name":"火龙教主","full_time":"90","half_time":"45"},{"boss_name":"火龙统领","full_time":"90","half_time":"45"},{"boss_name":"牛魔王","full_time":"20","half_time":"20"},{"boss_name":"玉面素狐王","full_time":"150","half_time":"75"},{"boss_name":"皇陵威远将军[三倍]","full_time":"120","half_time":"60"},{"boss_name":"皇陵至尊圣皇[五倍]","full_time":"150","half_time":"75"},{"boss_name":"红魔蜘蛛","full_time":"120","half_time":"60"},{"boss_name":"绿魔蜘蛛","full_time":"120","half_time":"60"},{"boss_name":"虹魔教主","full_time":"20","half_time":"20"},{"boss_name":"远古兽人[双倍]","full_time":"180","half_time":"90"},{"boss_name":"远古冰帝[双倍]","full_time":"150","half_time":"75"},{"boss_name":"远古半兽人[双倍]","full_time":"180","half_time":"90"},{"boss_name":"远古圣皇[双倍]","full_time":"150","half_time":"75"},{"boss_name":"远古天珠[双倍]","full_time":"150","half_time":"75"},{"boss_name":"远古将军[双倍]","full_time":"120","half_time":"60"},{"boss_name":"远古巨兽[双倍]","full_time":"180","half_time":"90"},{"boss_name":"远古巨魔[双倍]","full_time":"240","half_time":"120"},{"boss_name":"远古帝王[双倍]","full_time":"150","half_time":"75"},{"boss_name":"远古战将[双倍]","full_time":"60","half_time":"30"},{"boss_name":"远古战神[双倍]","full_time":"60","half_time":"30"},{"boss_name":"远古教主[双倍]","full_time":"90","half_time":"45"},{"boss_name":"远古树妖[双倍]","full_time":"60","half_time":"30"},{"boss_name":"远古统帅[双倍]","full_time":"90","half_time":"45"},{"boss_name":"远古统领[双倍]","full_time":"90","half_time":"45"},{"boss_name":"远古蛛后[双倍]","full_time":"120","half_time":"60"},{"boss_name":"远古蛛王[双倍]","full_time":"120","half_time":"60"},{"boss_name":"远古蜘蛛[双倍]","full_time":"120","half_time":"60"},{"boss_name":"远古金狐[双倍]","full_time":"150","half_time":"75"},{"boss_name":"远古银狐[双倍]","full_time":"150","half_time":"75"},{"boss_name":"远古霸主[双倍]","full_time":"240","half_time":"120"},{"boss_name":"远古魔王[双倍]","full_time":"150","half_time":"75"},{"boss_name":"远古魔龙[双倍]","full_time":"60","half_time":"30"},{"boss_name":"金爪赤狐王","full_time":"150","half_time":"75"},{"boss_name":"雪域魔王","full_time":"150","half_time":"75"},{"boss_name":"雷炎蛛王","full_time":"120","half_time":"60"},{"boss_name":"魔龙教主","full_time":"60","half_time":"30"},{"boss_name":"魔龙树妖","full_time":"60","half_time":"30"},{"boss_name":"黄泉教主","full_time":"20","half_time":"20"}],"boss_name_pool":{},"boss_flush_time":{"[生肖]丑牛":{"boss_name":"[生肖]丑牛","full_time":"120","half_time":"120"},"[生肖]子鼠":{"boss_name":"[生肖]子鼠","full_time":"120","half_time":"120"},"[生肖]寅虎":{"boss_name":"[生肖]寅虎","full_time":"120","half_time":"120"},"[高爆]冰宫守护神":{"boss_name":"[高爆]冰宫守护神","full_time":"150","half_time":"75"},"[高爆]变异狐月天珠":{"boss_name":"[高爆]变异狐月天珠","full_time":"150","half_time":"75"},"[高爆]火龙教主":{"boss_name":"[高爆]火龙教主","full_time":"90","half_time":"45"},"[高爆]火龙统领":{"boss_name":"[高爆]火龙统领","full_time":"90","half_time":"45"},"[高爆]红魔蜘蛛":{"boss_name":"[高爆]红魔蜘蛛","full_time":"120","half_time":"60"},"[高爆]绿魔蜘蛛":{"boss_name":"[高爆]绿魔蜘蛛","full_time":"120","half_time":"60"},"[高爆]虹魔教主":{"boss_name":"[高爆]虹魔教主","full_time":"20","half_time":"20"},"[高爆]魔龙教主":{"boss_name":"[高爆]魔龙教主","full_time":"60","half_time":"30"},"[高爆]魔龙树妖":{"boss_name":"[高爆]魔龙树妖","full_time":"60","half_time":"30"},"兽人巨怪":{"boss_name":"兽人巨怪","full_time":"180","half_time":"90"},"冰城帝王":{"boss_name":"冰城帝王","full_time":"150","half_time":"75"},"冰宫守护神":{"boss_name":"冰宫守护神","full_time":"150","half_time":"75"},"半兽人统帅":{"boss_name":"半兽人统帅","full_time":"180","half_time":"90"},"半兽人首领":{"boss_name":"半兽人首领","full_time":"180","half_time":"90"},"变异火龙教主":{"boss_name":"变异火龙教主","full_time":"90","half_time":"45"},"变异狐月天珠":{"boss_name":"变异狐月天珠","full_time":"150","half_time":"75"},"变异魔龙战将":{"boss_name":"变异魔龙战将","full_time":"60","half_time":"30"},"圣域火龙教主":{"boss_name":"圣域火龙教主","full_time":"90","half_time":"45"},"圣域玉面素狐王":{"boss_name":"圣域玉面素狐王","full_time":"150","half_time":"75"},"圣域雪域魔王":{"boss_name":"圣域雪域魔王","full_time":"150","half_time":"75"},"圣域雷炎蛛王":{"boss_name":"圣域雷炎蛛王","full_time":"120","half_time":"60"},"圣域霸王教主":{"boss_name":"圣域霸王教主","full_time":"360","half_time":"180"},"暗之魔龙教主":{"boss_name":"暗之魔龙教主","full_time":"60","half_time":"30"},"沼泽炼狱魔":{"boss_name":"沼泽炼狱魔","full_time":"240","half_time":"120"},"浴血霸主":{"boss_name":"浴血霸主","full_time":"240","half_time":"120"},"火龙教主":{"boss_name":"火龙教主","full_time":"90","half_time":"45"},"火龙统领":{"boss_name":"火龙统领","full_time":"90","half_time":"45"},"牛魔王":{"boss_name":"牛魔王","full_time":"20","half_time":"20"},"玉面素狐王":{"boss_name":"玉面素狐王","full_time":"150","half_time":"75"},"皇陵威远将军[三倍]":{"boss_name":"皇陵威远将军[三倍]","full_time":"120","half_time":"60"},"皇陵至尊圣皇[五倍]":{"boss_name":"皇陵至尊圣皇[五倍]","full_time":"150","half_time":"75"},"红魔蜘蛛":{"boss_name":"红魔蜘蛛","full_time":"120","half_time":"60"},"绿魔蜘蛛":{"boss_name":"绿魔蜘蛛","full_time":"120","half_time":"60"},"虹魔教主":{"boss_name":"虹魔教主","full_time":"20","half_time":"20"},"远古兽人[双倍]":{"boss_name":"远古兽人[双倍]","full_time":"180","half_time":"90"},"远古冰帝[双倍]":{"boss_name":"远古冰帝[双倍]","full_time":"150","half_time":"75"},"远古半兽人[双倍]":{"boss_name":"远古半兽人[双倍]","full_time":"180","half_time":"90"},"远古圣皇[双倍]":{"boss_name":"远古圣皇[双倍]","full_time":"150","half_time":"75"},"远古天珠[双倍]":{"boss_name":"远古天珠[双倍]","full_time":"150","half_time":"75"},"远古将军[双倍]":{"boss_name":"远古将军[双倍]","full_time":"120","half_time":"60"},"远古巨兽[双倍]":{"boss_name":"远古巨兽[双倍]","full_time":"180","half_time":"90"},"远古巨魔[双倍]":{"boss_name":"远古巨魔[双倍]","full_time":"240","half_time":"120"},"远古帝王[双倍]":{"boss_name":"远古帝王[双倍]","full_time":"150","half_time":"75"},"远古战将[双倍]":{"boss_name":"远古战将[双倍]","full_time":"60","half_time":"30"},"远古战神[双倍]":{"boss_name":"远古战神[双倍]","full_time":"60","half_time":"30"},"远古教主[双倍]":{"boss_name":"远古教主[双倍]","full_time":"90","half_time":"45"},"远古树妖[双倍]":{"boss_name":"远古树妖[双倍]","full_time":"60","half_time":"30"},"远古统帅[双倍]":{"boss_name":"远古统帅[双倍]","full_time":"90","half_time":"45"},"远古统领[双倍]":{"boss_name":"远古统领[双倍]","full_time":"90","half_time":"45"},"远古蛛后[双倍]":{"boss_name":"远古蛛后[双倍]","full_time":"120","half_time":"60"},"远古蛛王[双倍]":{"boss_name":"远古蛛王[双倍]","full_time":"120","half_time":"60"},"远古蜘蛛[双倍]":{"boss_name":"远古蜘蛛[双倍]","full_time":"120","half_time":"60"},"远古金狐[双倍]":{"boss_name":"远古金狐[双倍]","full_time":"150","half_time":"75"},"远古银狐[双倍]":{"boss_name":"远古银狐[双倍]","full_time":"150","half_time":"75"},"远古霸主[双倍]":{"boss_name":"远古霸主[双倍]","full_time":"240","half_time":"120"},"远古魔王[双倍]":{"boss_name":"远古魔王[双倍]","full_time":"150","half_time":"75"},"远古魔龙[双倍]":{"boss_name":"远古魔龙[双倍]","full_time":"60","half_time":"30"},"金爪赤狐王":{"boss_name":"金爪赤狐王","full_time":"150","half_time":"75"},"雪域魔王":{"boss_name":"雪域魔王","full_time":"150","half_time":"75"},"雷炎蛛王":{"boss_name":"雷炎蛛王","full_time":"120","half_time":"60"},"魔龙教主":{"boss_name":"魔龙教主","full_time":"60","half_time":"30"},"魔龙树妖":{"boss_name":"魔龙树妖","full_time":"60","half_time":"30"},"黄泉教主":{"boss_name":"黄泉教主","full_time":"20","half_time":"20"}},"api":"http://139.155.179.177/VueApp/api.php"}