{"project":{"name":"微信工具人","src":"https://gitee.com/cytsee/AutoJsPro/raw/master/Release/20211030微信助手X.zip","version":"Release 1.0.0"},"ui":{"Text":{"team1":"test1","team2":"test2","msg1":"msg1","msg2":"msg2","msg3":"msg3","min_money":"0.01","no_money_wait_time":"8","money_wait_time":"5"},"checked":{}},"user":{"save_to":"/sdcard/Download/user_data.txt","teams":{"team1":"test1","team2":"test2"},"msg1":"msg1","msg2":"msg2","msg3":"msg3","min_money":"0.01","no_money_wait_time":"8","money_wait_time":"5"}}